-- MySQL Script generated by MySQL Workbench
-- 07/25/15 10:13:14
-- Model: New Model    Version: 1.0
-- MySQL Workbench Forward Engineering

SET @OLD_UNIQUE_CHECKS=@@UNIQUE_CHECKS, UNIQUE_CHECKS=0;
SET @OLD_FOREIGN_KEY_CHECKS=@@FOREIGN_KEY_CHECKS, FOREIGN_KEY_CHECKS=0;
SET @OLD_SQL_MODE=@@SQL_MODE, SQL_MODE='TRADITIONAL,ALLOW_INVALID_DATES';

-- -----------------------------------------------------
-- Schema Task6
-- -----------------------------------------------------

-- -----------------------------------------------------
-- Schema Task6
-- -----------------------------------------------------
CREATE SCHEMA IF NOT EXISTS `Task6` DEFAULT CHARACTER SET utf8 COLLATE utf8_latvian_ci ;
USE `Task6` ;

-- -----------------------------------------------------
-- Table `Task6`.`catalogue`
-- -----------------------------------------------------
CREATE TABLE IF NOT EXISTS `Task6`.`catalogue` (
  `id_number` INT NOT NULL COMMENT '',
  `title` VARCHAR(40) NOT NULL COMMENT '',
  `author` VARCHAR(10) NOT NULL COMMENT '',
  PRIMARY KEY (`id_number`)  COMMENT '',
  UNIQUE INDEX `id_number_UNIQUE` (`id_number` ASC)  COMMENT '')
ENGINE = InnoDB;


-- -----------------------------------------------------
-- Table `Task6`.`readers`
-- -----------------------------------------------------
CREATE TABLE IF NOT EXISTS `Task6`.`readers` (
  `id_number` INT NOT NULL COMMENT '',
  `first_name` VARCHAR(10) NOT NULL COMMENT '',
  `last_name` VARCHAR(10) NOT NULL COMMENT '',
  `login` VARCHAR(10) NOT NULL COMMENT '',
  `password` VARCHAR(10) NOT NULL COMMENT '',
  `registration_date` DATE NOT NULL COMMENT '',
  `adress` VARCHAR(40) NOT NULL COMMENT '',
  PRIMARY KEY (`id_number`)  COMMENT '',
  UNIQUE INDEX `id_number_UNIQUE` (`id_number` ASC)  COMMENT '',
  UNIQUE INDEX `Login_UNIQUE` (`login` ASC)  COMMENT '')
ENGINE = InnoDB;


-- -----------------------------------------------------
-- Table `Task6`.`givenbooks`
-- -----------------------------------------------------
CREATE TABLE IF NOT EXISTS `Task6`.`givenbooks` (
  `id_number` INT NOT NULL COMMENT '',
  `book_id` INT NOT NULL COMMENT '',
  `reader_id` INT NOT NULL COMMENT '',
  `librarian_id` INT NULL COMMENT '',
  `taking_date` DATE NOT NULL COMMENT '',
  `returning_date` DATE NULL COMMENT '',
  `deadline_date` DATE NOT NULL COMMENT '',
  `notes` VARCHAR(50) NULL COMMENT '',
  `order` TINYINT(1) NOT NULL COMMENT '',
  `reading_room` TINYINT(1) NOT NULL COMMENT '',
  PRIMARY KEY (`id_number`)  COMMENT '',
  UNIQUE INDEX `id_number_UNIQUE` (`id_number` ASC)  COMMENT '')
ENGINE = InnoDB;


-- -----------------------------------------------------
-- Table `Task6`.`librarians`
-- -----------------------------------------------------
CREATE TABLE IF NOT EXISTS `Task6`.`librarians` (
  `id_number` INT NOT NULL COMMENT '',
  `first_name` VARCHAR(10) NOT NULL COMMENT '',
  `last_name` VARCHAR(10) NOT NULL COMMENT '',
  `login` VARCHAR(10) NOT NULL COMMENT '',
  `password` VARCHAR(10) NOT NULL COMMENT '',
  PRIMARY KEY (`id_number`)  COMMENT '',
  UNIQUE INDEX `id_number_UNIQUE` (`id_number` ASC)  COMMENT '')
ENGINE = InnoDB;


-- -----------------------------------------------------
-- Table `Task6`.`timelimits`
-- -----------------------------------------------------
CREATE TABLE IF NOT EXISTS `Task6`.`timelimits` (
  `id` INT NOT NULL COMMENT '',
  `time_limits` INT NOT NULL COMMENT '',
  `reading_room_limit` TINYINT(1) NOT NULL COMMENT '',
  `order_limit` TINYINT(1) NOT NULL COMMENT '',
  PRIMARY KEY (`id`)  COMMENT '')
ENGINE = InnoDB;


-- -----------------------------------------------------
-- Table `Task6`.`blacklist`
-- -----------------------------------------------------
CREATE TABLE IF NOT EXISTS `Task6`.`blacklist` (
  `id` INT NOT NULL COMMENT '',
  `first_name_black` VARCHAR(10) NOT NULL COMMENT '',
  `last_name_black` VARCHAR(10) NOT NULL COMMENT '',
  `adress` VARCHAR(40) NOT NULL COMMENT '',
  PRIMARY KEY (`id`)  COMMENT '')
ENGINE = InnoDB;


SET SQL_MODE=@OLD_SQL_MODE;
SET FOREIGN_KEY_CHECKS=@OLD_FOREIGN_KEY_CHECKS;
SET UNIQUE_CHECKS=@OLD_UNIQUE_CHECKS;

-- -----------------------------------------------------
-- Data for table `Task6`.`catalogue`
-- -----------------------------------------------------
START TRANSACTION;
USE `Task6`;
INSERT INTO `Task6`.`catalogue` (`id_number`, `title`, `author`) VALUES (1, 'Библия', 'Бог');
INSERT INTO `Task6`.`catalogue` (`id_number`, `title`, `author`) VALUES (2, 'Война и Мир', 'Толстой');
INSERT INTO `Task6`.`catalogue` (`id_number`, `title`, `author`) VALUES (3, 'Казаки', 'Толстой');
INSERT INTO `Task6`.`catalogue` (`id_number`, `title`, `author`) VALUES (4, 'Белая Гвардия', 'Булгаков');
INSERT INTO `Task6`.`catalogue` (`id_number`, `title`, `author`) VALUES (5, 'Шантарам', 'Робертс');
INSERT INTO `Task6`.`catalogue` (`id_number`, `title`, `author`) VALUES (6, 'Философия Java', 'Эккель');
INSERT INTO `Task6`.`catalogue` (`id_number`, `title`, `author`) VALUES (7, 'Промышленное программирование на Java', 'Блинов');
INSERT INTO `Task6`.`catalogue` (`id_number`, `title`, `author`) VALUES (8, 'Библия', 'Бог');
INSERT INTO `Task6`.`catalogue` (`id_number`, `title`, `author`) VALUES (9, 'Планета людей', 'Экзюпери');
INSERT INTO `Task6`.`catalogue` (`id_number`, `title`, `author`) VALUES (10, 'Южный почтовый', 'Экзюпери');
COMMIT;


-- -----------------------------------------------------
-- Data for table `Task6`.`readers`
-- -----------------------------------------------------
START TRANSACTION;
USE `Task6`;
INSERT INTO `Task6`.`readers` (`id_number`, `first_name`, `last_name`, `login`, `password`, `registration_date`, `adress`) VALUES (1, 'Иван', 'Иванов', 'iii', '333', '21.07.15', 'Независимости, 65');
INSERT INTO `Task6`.`readers` (`id_number`, `first_name`, `last_name`, `login`, `password`, `registration_date`, `adress`) VALUES (2, 'Петр', 'Петров', 'ppp', '333', '21.07.15', 'Независимости, 65');
INSERT INTO `Task6`.`readers` (`id_number`, `first_name`, `last_name`, `login`, `password`, `registration_date`, `adress`) VALUES (3, 'Сергей', 'Кузнецов', 'kss', '333', '21.07.15', 'Независимости, 65');
INSERT INTO `Task6`.`readers` (`id_number`, `first_name`, `last_name`, `login`, `password`, `registration_date`, `adress`) VALUES (4, 'Ольга', 'Сергеенко', 'sok', '444', '21.07.15', 'Независимости, 65');
INSERT INTO `Task6`.`readers` (`id_number`, `first_name`, `last_name`, `login`, `password`, `registration_date`, `adress`) VALUES (5, 'Татьяна', 'Черненко', 'chta', '444', '21.07.15', 'Независимости, 65');

COMMIT;


-- -----------------------------------------------------
-- Data for table `Task6`.`givenbooks`
-- -----------------------------------------------------
START TRANSACTION;
USE `Task6`;
INSERT INTO `Task6`.`givenbooks` (`id_number`, `book_id`, `reader_id`, `librarian_id`, `taking_date`, `returning_date`, `deadline_date`, `notes`, `order`, `reading_room`) VALUES (1, 1, 1, 1, '2015-08-26', NULL, '2015-08-26', NULL, false, false);
INSERT INTO `Task6`.`givenbooks` (`id_number`, `book_id`, `reader_id`, `librarian_id`, `taking_date`, `returning_date`, `deadline_date`, `notes`, `order`, `reading_room`) VALUES (2, 2, 2, 2, '2015-08-26', NULL, '2015-08-26', NULL, true, false);
INSERT INTO `Task6`.`givenbooks` (`id_number`, `book_id`, `reader_id`, `librarian_id`, `taking_date`, `returning_date`, `deadline_date`, `notes`, `order`, `reading_room`) VALUES (3, 3, 3, 2, '2015-08-26', NULL, '2015-08-26', NULL, true, true);
INSERT INTO `Task6`.`givenbooks` (`id_number`, `book_id`, `reader_id`, `librarian_id`, `taking_date`, `returning_date`, `deadline_date`, `notes`, `order`, `reading_room`) VALUES (4, 2, 3, 2, '2015-08-26', NULL, '2015-08-26', NULL, false, true);
INSERT INTO `Task6`.`givenbooks` (`id_number`, `book_id`, `reader_id`, `librarian_id`, `taking_date`, `returning_date`, `deadline_date`, `notes`, `order`, `reading_room`) VALUES (5, 1, 1, 2, '2015-08-26', '2015-08-26', '2015-08-26', NULL, true, false);
INSERT INTO `Task6`.`givenbooks` (`id_number`, `book_id`, `reader_id`, `librarian_id`, `taking_date`, `returning_date`, `deadline_date`, `notes`, `order`, `reading_room`) VALUES (6, 5, 5, 2, '2015-08-26', '2015-08-26', '2015-08-26', NULL, true, false);
INSERT INTO `Task6`.`givenbooks` (`id_number`, `book_id`, `reader_id`, `librarian_id`, `taking_date`, `returning_date`, `deadline_date`, `notes`, `order`, `reading_room`) VALUES (7, 8, 1, 2, '2015-08-26', '2015-08-26', '2015-08-26', NULL, true, false);

COMMIT;


-- -----------------------------------------------------
-- Data for table `Task6`.`librarians`
-- -----------------------------------------------------
START TRANSACTION;
USE `Task6`;
INSERT INTO `Task6`.`librarians` (`id_number`, `first_name`, `last_name`, `login`, `password`) VALUES (1, 'Иванова', 'Тамара', 'itp', '111');
INSERT INTO `Task6`.`librarians` (`id_number`, `first_name`, `last_name`, `login`, `password`) VALUES (2, 'Семенова', 'Надежда', 'sni', '222');

COMMIT;


-- -----------------------------------------------------
-- Data for table `Task6`.`timelimits`
-- -----------------------------------------------------
START TRANSACTION;
USE `Task6`;
INSERT INTO `Task6`.`timelimits` (`id`, `time_limits`, `reading_room_limit`, `order_limit`) VALUES (1, '5', false, true);
INSERT INTO `Task6`.`timelimits` (`id`, `time_limits`, `reading_room_limit`, `order_limit`) VALUES (2, '1', true, false);
INSERT INTO `Task6`.`timelimits` (`id`, `time_limits`, `reading_room_limit`, `order_limit`) VALUES (3, '30', false, false);
INSERT INTO `Task6`.`timelimits` (`id`, `time_limits`, `reading_room_limit`, `order_limit`) VALUES (4, '1', true, true);

COMMIT;


-- -----------------------------------------------------
-- Data for table `Task6`.`blacklist`
-- -----------------------------------------------------
START TRANSACTION;
USE `Task6`;
INSERT INTO `Task6`.`blacklist` (`id`, `first_name_black`, `last_name_black`, `adress`) VALUES (1, 'Андрей', 'Хитров', 'Независимости, 65');

COMMIT;

